[
    {
      "term_id": 372,
      "name": "Anzoategui",
      "slug": "anzoategui",
      "ciudades": [
        {
          "term_id": 373,
          "name": "Anaco",
          "slug": "anaco",
          "parent": 372,
          "cat_name": "Anaco",
          "latitud": null,
          "longitud": null,
          "zoom": null
        },
        {
          "term_id": 374,
          "name": "Barcelona",
          "slug": "barcelona",
          "cat_name": "Barcelona",
          "parent": 372,
          "latitud": null,
          "longitud": null,
          "zoom": null
        },
        {
          "term_id": 430,
          "name": "El Tigre",
          "slug": "el-tigre",
          "cat_name": "El Tigre",
          "parent": 372,
          "latitud": null,
          "longitud": null,
          "zoom": null
        },
        {
          "term_id": 398,
          "name": "El Tigrito",
          "slug": "el-tigrito",
          "cat_name": "El Tigrito",
          "parent": 372,
          "latitud": null,
          "longitud": null,
          "zoom": null
        },
        {
          "term_id": 409,
          "name": "Lecheria",
          "slug": "lecheria",
          "cat_name": "Lecheria",
          "parent": 372,
          "latitud": null,
          "longitud": null,
          "zoom": null
        },
        {
          "term_id": 415,
          "name": "Puerto La Cruz",
          "slug": "puerto-la-cruz",
          "cat_name": "Puerto La Cruz",
          "parent": 372,
          "latitud": null,
          "longitud": null,
          "zoom": null
        }
      ]
    },
    {
      "term_id": 427,
      "name": "Apure",
      "slug": "apure",
      "ciudades": [ 
        {
          "term_id": 428,
          "name": "San Fernando De A",
          "slug": "san-fernando-de-a",
          "cat_name": "San Fernando De A",
          "parent": 427,
          "latitud": null,
          "longitud": null,
          "zoom": null
        }
      ]
    },
    {
      "term_id": 379,
      "name": "Aragua",
      "slug": "aragua",
      "ciudades": [
        {
          "term_id": 380,
          "name": "Cagua",
          "slug": "cagua",
          "cat_name": "Cagua",
          "parent": 379,
          "latitud": null,
          "longitud": null,
          "zoom": null
        },
        {
          "term_id": 412,
          "name": "Maracay",
          "slug": "maracay",
          "cat_name": "Maracay",
          "parent": 379,
          "latitud": null,
          "longitud": null,
          "zoom": null
        },
        {
          "term_id": 442,
          "name": "Santa Rita (mcy)",
          "slug": "santa-rita-mcy",
          "cat_name": "Santa Rita (mcy)",
          "parent": 379,
          "latitud": null,
          "longitud": null,
          "zoom": null
        },
        {
          "term_id": 431,
          "name": "Turmero",
          "slug": "turmero",
          "cat_name": "Turmero",
          "parent": 379,
          "latitud": null,
          "longitud": null,
          "zoom": null
        },
        {
          "term_id": 434,
          "name": "Villa de Cura",
          "slug": "villa-de-cura",
          "cat_name": "Villa de Cura",
          "parent": 379,
          "latitud": null,
          "longitud": null,
          "zoom": null
        }
      ]
    },
    {
      "term_id": 375,
      "name": "Barinas",
      "slug": "barinas",
      "ciudades": [
        {
          "term_id": 376,
          "name": "Barinas",
          "slug": "barinas-barinas",
          "cat_name": "Barinas",
          "parent": 375,
          "latitud": null,
          "longitud": null,
          "zoom": null
        }
      ]
    },
    {
      "term_id": 382,
      "name": "Bolivar",
      "slug": "bolivar",
      "ciudades": [
        {
          "term_id": 383,
          "name": "Ciudad Bolivar",
          "slug": "ciudad-bolivar",
          "cat_name": "Ciudad Bolivar",
          "parent": 382,
          "latitud": null,
          "longitud": null,
          "zoom": null
        },
        {
          "term_id": 417,
          "name": "Puerto Ordaz",
          "slug": "puerto-ordaz",
          "cat_name": "Puerto Ordaz",
          "parent": 382,
          "latitud": null,
          "longitud": null,
          "zoom": null
        },
        {
          "term_id": 424,
          "name": "San Felix",
          "slug": "san-felix",
          "cat_name": "San Felix",
          "parent": 382,
          "latitud": null,
          "longitud": null,
          "zoom": null
        },
        {
          "term_id": 432,
          "name": "Unare",
          "slug": "unare",
          "cat_name": "Unare",
          "parent": 382,
          "latitud": null,
          "longitud": null,
          "zoom": null
        }
      ]
    },
    {
      "term_id": 401,
      "name": "Carabobo",
      "slug": "carabobo",
      "ciudades": [
        {
          "term_id": 402,
          "name": "Guacara",
          "slug": "guacara",
          "cat_name": "Guacara",
          "parent": 401,
          "latitud": null,
          "longitud": null,
          "zoom": null
        },
        {
          "term_id": 436,
          "name": "Valencia",
          "slug": "valencia",
          "cat_name": "Valencia",
          "parent": 401,
          "latitud": null,
          "longitud": null,
          "zoom": null
        }
      ]
    },
    {
      "term_id": 419,
      "name": "Cojedes",
      "slug": "cojedes",
      "ciudades": [
        {
          "term_id": 420,
          "name": "San Carlos",
          "slug": "san-carlos",
          "cat_name": "San Carlos",
          "parent": 419,
          "latitud": null,
          "longitud": null,
          "zoom": null
        }
      ]
    },    
    {
      "term_id": 386,
      "name": "D.Capital",
      "slug": "d-capital ",
      "ciudades": [
        {
          "term_id": 387,
          "name": "Caracas",
          "slug": "caracas",
          "cat_name": "Caracas",
          "parent": 386,
          "latitud": null,
          "longitud": null,
          "zoom": null
        }
      ] 
    },
    {
      "term_id": 439,
      "name": "Delta Amacuro",
      "slug": "delta-amacuro",
      "ciudades": [
        {
          "term_id": 440,
          "name": "Tucupita",
          "slug": "tucupita",
          "cat_name": "Tucupita",
          "parent": 439,
          "latitud": null,
          "longitud": null,
          "zoom": null
        }
      ]
    },
    {
      "term_id": 393,
      "name": "Falcon",
      "slug": "falcon",
      "ciudades": [
        {
          "term_id": 418,
          "name": "Punto Fijo",
          "slug": "punto-fijo",
          "cat_name": "Punto Fijo",
          "parent": 393,
          "latitud": null,
          "longitud": null,
          "zoom": null
        }
      ]
    },
    {
      "term_id": 388,
      "name": "Guarico",
      "slug": "guarico",
      "ciudades": [
        {
          "term_id": 389,
          "name": "Calabozo",
          "slug": "calabozo",
          "cat_name": "Calabozo",
          "parent": 388,
          "latitud": null,
          "longitud": null,
          "zoom": null
        },
        {
          "term_id": 435,
          "name": "Valle de La Pascua",
          "slug": "valle-de-la-pascua",
          "cat_name": "Valle de La Pascua",
          "parent": 388,
          "latitud": null,
          "longitud": null,
          "zoom": null
        }
      ] 
    },
    {
      "term_id": 377,
      "name": "Lara",
      "slug": "lara",
      "ciudades": [
        {
          "term_id": 378,
          "name": "Barquisimeto",
          "slug": "barquisimeto",
          "cat_name": "Barquisimeto",
          "parent": 377,
          "latitud": null,
          "longitud": null,
          "zoom": null
        },
        {
          "term_id": 381,
          "name": "Cabudare",
          "slug": "cabudare",
          "cat_name": "Cabudare",
          "parent": 377,
          "latitud": null,
          "longitud": null,
          "zoom": null
        }
      ]
    },
    {
      "term_id": 396,
      "name": "Merida",
      "slug": "merida",
      "ciudades": [
        {
          "term_id": 397,
          "name": "El Vigia",
          "slug": "el-vigia",
          "cat_name": "El Vigia",
          "parent": 396,
          "latitud": null,
          "longitud": null,
          "zoom": null
        }
      ]
    },
    {
      "term_id": 444,
      "name": "Miami",
      "slug": "miami",
      "ciudades": [
  
      ]
    },
    {
      "term_id": 390,
      "name": "Miranda",
      "slug": "miranda",
      "ciudades": [
        {
          "term_id": 391,
          "name": "Charallave",
          "slug": "charallave",
          "cat_name": "Charallave",
          "parent": 390,
          "latitud": null,
          "longitud": null,
          "zoom": null
        },
        {
          "term_id": 399,
          "name": "Filas De Mariche",
          "slug": "filas-de-mariche",
          "cat_name": "Filas De Mariche",
          "parent": 390,
          "latitud": null,
          "longitud": null,
          "zoom": null
        },
        {
          "term_id": 400,
          "name": "Guarenas",
          "slug": "guarenas",
          "cat_name": "Guarenas",
          "parent": 390,
          "latitud": null,
          "longitud": null,
          "zoom": null
        },
        {
          "term_id": 403,
          "name": "Guatire",
          "slug": "guatire",
          "cat_name": "Guatire",
          "parent": 390,
          "latitud": null,
          "longitud": null,
          "zoom": null
        },
        {
          "term_id": 404,
          "name": "Higuerote",
          "slug": "higuerote",
          "cat_name": "Higuerote",
          "parent": 390,
          "latitud": null,
          "longitud": null,
          "zoom": null
        },
        {
          "term_id": 410,
          "name": "Los Teques",
          "slug": "los-teques",
          "cat_name": "Los Teques",
          "parent": 390,
          "latitud": null,
          "longitud": null,
          "zoom": null
        },
        {
          "term_id": 423,
          "name": "San Antonio de los A",
          "slug": "san-antonio-de-los-a",
          "cat_name": "San Antonio de los A",
          "parent": 390,
          "latitud": null,
          "longitud": null,
          "zoom": null
        }
      ]
    },
    {
      "term_id": 413,
      "name": "Monagas",
      "slug": "monagas",
      "ciudades": [
        {
          "term_id": 414,
          "name": "Maturin",
          "slug": "maturin",
          "cat_name": "Maturin",
          "parent": 413,
          "latitud": null,
          "longitud": null,
          "zoom": null
        }
      ]
    },
    {
      "term_id": 405,
      "name": "Nueva Esparta",
      "slug": "nueva-esparta",
      "ciudades": [
        {
          "term_id": 406,
          "name": "Juan Griego",
          "slug": "juan-griego",
          "cat_name": "Juan Griego",
          "parent": 405,
          "latitud": null,
          "longitud": null,
          "zoom": null
        },
        {
          "term_id": 416,
          "name": "Porlamar",
          "slug": "porlamar",
          "cat_name": "Porlamar",
          "parent": 405,
          "latitud": null,
          "longitud": null,
          "zoom": null
        }
      ]
    },
    {
      "term_id": 445,
      "name": "Panama",
      "slug": "panama",
      "ciudades": [
        {
          "term_id": 446,
          "name": "PA",
          "slug": "pa",
          "cat_name": "PA",
          "parent": 445,
          "latitud": null,
          "longitud": null,
          "zoom": null
        }
      ]
    },
    {
      "term_id": 370,
      "name": "Portuguesa",
      "slug": "portuguesa",
      "ciudades": [
        {
          "term_id": 371,
          "name": "Acarigua",
          "slug": "acarigua",
          "cat_name": "Acarigua",
          "parent": 370,
          "latitud": null,
          "longitud": null,
          "zoom": null
        }
      ]
    },
    {
      "term_id": 394,
      "name": "Sucre",
      "slug": "sucre",
      "ciudades": [
        {
          "term_id": 395,
          "name": "Cumana",
          "slug": "cumana",
          "cat_name": "Cumana",
          "parent": 394,
          "latitud": null,
          "longitud": null,
          "zoom": null
        }
      ]
    },
    {
      "term_id": 421,
      "name": "Tachira",
      "slug": "tachira",
      "ciudades": [
        {
          "term_id": 429,
          "name": "San Antonio del Tach",
          "slug": "san-antonio-del-tach",
          "cat_name": "San Antonio del Tach",
          "parent": 421,
          "latitud": null,
          "longitud": null,
          "zoom": null
        },
        {
          "term_id": 422,
          "name": "San Cristobal",
          "slug": "san-cristobal",
          "cat_name": "San Cristobal",
          "parent": 421,
          "latitud": null,
          "longitud": null,
          "zoom": null
        },
        {
          "term_id": 433,
          "name": "Ureña",
          "slug": "urena",
          "cat_name": "Ureña",
          "parent": 421,
          "latitud": null,
          "longitud": null,
          "zoom": null
        }
      ]
    },
    {
      "term_id": 437,
      "name": "Trujillo",
      "slug": "trujillo",
      "ciudades": [
        {
          "term_id": 438,
          "name": "Valera",
          "slug": "valera",
          "cat_name": "Valera",
          "parent": 437,
          "latitud": null,
          "longitud": null,
          "zoom": null
        }
      ]
    },
    {
      "term_id": 407,
      "name": "Vargas",
      "slug": "vargas",
      "ciudades": [
        {
          "term_id": 441,
          "name": "Caribe",
          "slug": "caribe",
          "cat_name": "Caribe",
          "parent": 407,
          "latitud": null,
          "longitud": null,
          "zoom": null
        },
        {
          "term_id": 408,
          "name": "La Guaira",
          "slug": "la-guaira",
          "cat_name": "La Guaira",
          "parent": 407,
          "latitud": null,
          "longitud": null,
          "zoom": null
        }
      ]
    },
    {
      "term_id": 425,
      "name": "Yaracuy",
      "slug": "yaracuy",
      "ciudades": [
        {
          "term_id": 426,
          "name": "San Felipe",
          "slug": "san-felipe",
          "cat_name": "San Felipe",
          "parent": 425,
          "latitud": null,
          "longitud": null,
          "zoom": null
        }
      ]
    },
    {
      "term_id": 384,
      "name": "Zulia",
      "slug": "zulia",
      "ciudades": [
        {
          "term_id": 385,
          "name": "Cabimas",
          "slug": "cabimas",
          "cat_name": "Cabimas",
          "parent": 384,
          "latitud": null,
          "longitud": null,
          "zoom": null
        },
        {
          "term_id": 392,
          "name": "Ciudad Ojeda",
          "slug": "ciudad-ojeda",
          "cat_name": "Ciudad Ojeda",
          "parent": 384,
          "latitud": null,
          "longitud": null,
          "zoom": null
        },
        {
          "term_id": 411,
          "name": "Maracaibo",
          "slug": "maracaibo",
          "cat_name": "Maracaibo",
          "parent": 384,
          "latitud": null,
          "longitud": null,
          "zoom": null
        }
      ]
    }
]